<?xml version="1.0" encoding="utf-8" standalone="yes" ?>
<T3locallangExt>
	<data type="array">
		<languageKey index="de" type="array">
			<label index="tx_devlog">Entwicklerprotokoll</label>
			<label index="tx_devlog.crdate">Laufzeit und -datum</label>
			<label index="tx_devlog.severity.I.0">Info</label>
			<label index="tx_devlog.severity.I.1">Hinweis</label>
			<label index="tx_devlog.severity.I.2">Warnung</label>
			<label index="tx_devlog.severity.I.3">Schwerer Fehler</label>
			<label index="tx_devlog.severity.I.4">OK</label>
			<label index="tx_devlog.severity">Schwere:</label>
			<label index="tx_devlog.extkey">Erweiterung:</label>
			<label index="tx_devlog.msg">Nachricht:</label>
			<label index="tx_devlog.location">Aufgerufen von:</label>
			<label index="tx_devlog.line">Aufrufende Zeile:</label>
			<label index="tx_devlog.data_var">Zusätzliche Daten:</label>
			<label index="tx_devlog.no_extra_data">Keine zusätzlichen Daten bereitgestellt</label>
			<label index="tx_devlog.run">ausführen</label>
		</languageKey>
	</data>
	<orig_hash type="array">
		<languageKey index="de" type="array">
			<label index="tx_devlog" type="integer">23177575</label>
			<label index="tx_devlog.severity.I.0" type="integer">67476226</label>
			<label index="tx_devlog.severity.I.1" type="integer">38730366</label>
			<label index="tx_devlog.severity.I.2" type="integer">15379892</label>
			<label index="tx_devlog.severity.I.3" type="integer">55964267</label>
			<label index="tx_devlog.severity.I.4" type="integer">174097711</label>
			<label index="tx_devlog.severity" type="integer">168568568</label>
			<label index="tx_devlog.extkey" type="integer">195304692</label>
			<label index="tx_devlog.msg" type="integer">155215423</label>
			<label index="tx_devlog.data_var" type="integer">171982285</label>
			<label index="tx_devlog.run" type="integer">173215887</label>
			<label index="tx_devlog.location" type="integer">100389455</label>
			<label index="tx_devlog.line" type="integer">112414731</label>
			<label index="tx_devlog.crdate" type="integer">136511596</label>
			<label index="tx_devlog.no_extra_data" type="integer">101669851</label>
		</languageKey>
	</orig_hash>
	<orig_text type="array">
		<languageKey index="de" type="array">
			<label index="tx_devlog">Developer Log</label>
			<label index="tx_devlog.severity.I.0">Info</label>
			<label index="tx_devlog.severity.I.1">Notice</label>
			<label index="tx_devlog.severity.I.2">Warning</label>
			<label index="tx_devlog.severity.I.3">Fatal error</label>
			<label index="tx_devlog.severity.I.4">Ok</label>
			<label index="tx_devlog.severity">Severity:</label>
			<label index="tx_devlog.extkey">Extension:</label>
			<label index="tx_devlog.msg">Message:</label>
			<label index="tx_devlog.data_var">Additional data:</label>
			<label index="tx_devlog.run">run</label>
			<label index="tx_devlog.location">Called from:</label>
			<label index="tx_devlog.line">Calling line:</label>
			<label index="tx_devlog.crdate">Run date and time:</label>
			<label index="tx_devlog.no_extra_data">No additional data provided</label>
		</languageKey>
	</orig_text>
</T3locallangExt>