<?xml version="1.0" encoding="UTF-8"?>
<T3locallangExt>
  <data type="array">
    <languageKey index="de" type="array">
      <label index=".alttitle">Entwicklerprotokoll</label>
      <label index=".description">Die Erweiterung Entwicklerprotokoll (devlog) stellt Protokollierungsfunktionen zur Verfügung. Sie hängt sich in t3lib_div::devlog() ein, um devlog-Ereignisse abzufangen. Ein BE-Modul bietet eine Übersicht der protokollierten Ereignisse. Weitere Informationen entnehmen Sie bitte der Anleitung der Extension, die bei typo3.org erhältlich ist.</label>
      <label index=".syntax"/>
      <label index="crdate.alttitle">Log-Laufzeit</label>
      <label index="crdate.description">Datum und Zeit, zu denen der Protokolleintrag erstellt wurde.</label>
      <label index="crdate.details">Alle zur Ausführung des Codes gehörigen Einträge erhalten die gleiche Angabe zu Datum und Zeit. Dadurch es ist möglich, diese im BE-Modul als zusammengehörige Gruppe zu betrachten. Eine solche Gruppe wird "Log Run" genannt.</label>
      <label index="msg.alttitle">Protokollmeldung</label>
      <label index="msg.description">Die Hauptmeldung des Protokolleintrags.</label>
      <label index="severity.alttitle">Schwere</label>
      <label index="severity.description">Die Bezeichnung Schwere gibt an, wie ernst das protokollierte Ereignis ist.</label>
      <label index="severity.details"/>
      <label index="_severity.image"/>
      <label index="extkey.alttitle">Erweiterung</label>
      <label index="extkey.description">Die Komponente, die das Ereignis ausgelöst hat.</label>
      <label index="extkey.details"/>
      <label index="location.alttitle">Aufrufort</label>
      <label index="location.description">Die Klasse, aus der der devLog()-Aufruf erfolgte, einschließlich Zeilennummer.</label>
      <label index="pid.alttitle">Seite</label>
      <label index="pid.description">Die Seite, die beim Auftreten des Ereignisses gerade verarbeitet wurde (falls vorhanden). Auch die Seite, auf der der Datensatz gespeichert ist.</label>
      <label index="pid.details">Ereignisse können auch über das Modul Web&gt;Liste als Seitendatensätze gesucht werden. Nicht in einem Seitenkontext ausgelöste Ereignisse werden in der Wurzel des Seitenbaums gespeichert.</label>
      <label index="cruser_id.alttitle">Benutzer</label>
      <label index="cruser_id.description">Der BE-Benutzer, der im Backend angemeldet war, als das Ereignis ausgelöst wurde (falls vorhanden).</label>
      <label index="cruser_id.details">Dieses Feld ist hilfreich, wenn mehrere BE-Benutzer Ereignisse zur selben Zeit, auf den selben Seiten oder mit den selben Komponenten auslösen.</label>
      <label index="data_var.alttitle">Zusatzdaten</label>
      <label index="data_var.description">Über Zusatzdaten kann ein Array mit detaillierten Informationen über die Umstände des Ereignisses zur Verfügung gestellt werden.</label>
      <label index="data_var.details"/>
    </languageKey>
  </data>
</T3locallangExt>
