<?xml version="1.0" encoding="utf-8" standalone="yes" ?>
<T3locallangExt>
	<data type="array">
		<languageKey index="de" type="array">
			<label index="deprecated">Veraltet</label>
			<label index="limits">Grenzen</label>
			<label index="filtering">Filterung</label>
			<label index="display">Anzeige</label>
		</languageKey>
	</data>
	<orig_hash type="array">
		<languageKey index="de" type="array">
			<label index="deprecated" type="integer">11293899</label>
			<label index="limits" type="integer">192583110</label>
			<label index="filtering" type="integer">161843419</label>
			<label index="display" type="integer">194611106</label>
		</languageKey>
	</orig_hash>
	<orig_text type="array">
		<languageKey index="de" type="array">
			<label index="deprecated">Deprecated</label>
			<label index="limits">Limits</label>
			<label index="filtering">Filtering</label>
			<label index="display">Display</label>
		</languageKey>
	</orig_text>
</T3locallangExt>