<?xml version="1.0" encoding="UTF-8"?>
<T3locallangExt>
  <data type="array">
    <languageKey index="de" type="array">
      <label index="tx_devlog">Entwicklerprotokoll</label>
      <label index="tx_devlog.crdate">Laufzeit und -datum</label>
      <label index="tx_devlog.severity.I.0">Info</label>
      <label index="tx_devlog.severity.I.1">Hinweis</label>
      <label index="tx_devlog.severity.I.2">Warnung</label>
      <label index="tx_devlog.severity.I.3">Schwerer Fehler</label>
      <label index="tx_devlog.severity.I.4">OK</label>
      <label index="tx_devlog.severity">Schwere:</label>
      <label index="tx_devlog.extkey">Erweiterung:</label>
      <label index="tx_devlog.msg">Nachricht:</label>
      <label index="tx_devlog.location">Aufgerufen von:</label>
      <label index="tx_devlog.line">Aufrufende Zeile:</label>
      <label index="tx_devlog.data_var">Zusätzliche Daten:</label>
      <label index="tx_devlog.no_extra_data">Keine zusätzlichen Daten bereitgestellt</label>
      <label index="tx_devlog.run">ausführen</label>
    </languageKey>
  </data>
</T3locallangExt>
