<?xml version="1.0" encoding="UTF-8"?>
<T3locallangExt>
  <data type="array">
    <languageKey index="de" type="array">
      <label index="title">Entwicklerprotokoll</label>
      <label index="showlog">Protokoll anzeigen</label>
      <label index="selectlog">Protokoll auswählen:</label>
      <label index="log_entries">Protokolleinträge</label>
      <label index="entries">Einträge</label>
      <label index="cleanup">Aufräumen</label>
      <label index="setup">Konfiguration</label>
      <label index="search">Suchen</label>
      <label index="clear_search">Suche löschen</label>
      <label index="clear_filters">Alle Filter löschen</label>
      <label index="search_data">Protokolldaten durchsuchen</label>
      <label index="latest_run">Neueste Ausführung der Protokollierung</label>
      <label index="latest_25">Neueste 25 Einträge</label>
      <label index="latest_50">Neueste 50 Einträge</label>
      <label index="latest_100">Neueste 100 Einträge</label>
      <label index="all_entries">Alle Einträge</label>
      <label index="auto_refresh">Automatische Aktualisierung</label>
      <label index="log_time">Protkollzeit</label>
      <label index="log_period">Protokollspanne</label>
      <label index="refresh">Aktualisieren</label>
      <label index="crdate">Datum</label>
      <label index="severity">Schwere</label>
      <label index="extkey">Erweiterung</label>
      <label index="msg">Nachricht</label>
      <label index="location">Aufgerufen von</label>
      <label index="pid">Seite</label>
      <label index="cruser_id">Benutzer</label>
      <label index="data_var">Zusätzliche Daten</label>
      <label index="no_entries_found">Keine Einträge gefunden. Versuchen Sie, die Filter und Suchkriterien aufzuweiten.</label>
      <label index="open_view">Neues Fenster öffnen.</label>
      <label index="line_call">%s, Zeile %d</label>
      <label index="extra_data_error">Fehler beim Lesen der zusätzlichen Daten</label>
      <label index="tx_devlog_error.toolong">Die zusätzlichen Daten waren zu groß. Sie wurden nicht gespeichert.</label>
      <label index="tx_devlog_error.invalid">Die zusätzlichen Daten waren kein Array. Sie wurden nicht gespeichert.</label>
      <label index="show_extra_data">Zusätzliche Daten anzeigen</label>
      <label index="hide_extra_data">Zusätzliche Daten verbergen</label>
      <label index="severity_ok">OK</label>
      <label index="severity_info">Info</label>
      <label index="severity_notice">Hinweis</label>
      <label index="severity_warning">Warnung</label>
      <label index="severity_error">Fehler</label>
      <label index="latest">neueste &gt;&gt;</label>
      <label index="next">nächste &gt;</label>
      <label index="previous">&lt; vorherige</label>
      <label index="oldest">&lt;&lt; älteste</label>
      <label index="expand_all_extra_data">Alle Zusatzdaten erweitern</label>
      <label index="info_excluded_key">Die folgenden Schlüssel werden momentan nicht protokolliert</label>
      <label index="clearlog">Protokoll löschen</label>
      <label index="clearlog_intro">Nutzen Sie die unten stehenden Optionen, um das Entwicklerprotokoll zu löschen.</label>
      <label index="clearalllog">Alle Einträge löschen!</label>
      <label index="cleared_log">%d Protokolleinträge wurden gelöscht.</label>
      <label index="cleanup_for_period">Alle Protokolleinträge löschen, die älter sind als:</label>
      <label index="cleanup_for_extension">Alle Protokolleinträge löschen für Erweiterung:</label>
      <label index="cleanup_all">Wenn Sie den Knopf unten anklicken, löschen Sie ALLE Protokolleinträge. Stellen Sie sicher, dass das wirklich das ist, was Sie wollen!</label>
      <label index="1hour">1 Stunde</label>
      <label index="1week">1 Woche</label>
      <label index="1month">1 Monat</label>
      <label index="3months">3 Monate</label>
      <label index="6months">6 Monate</label>
      <label index="1year">1 Jahr</label>
      <label index="no_entries">Es gibt im Moment keine Einträge im Entwicklerprotokoll.</label>
      <label index="xx_entries">Es gibt im Moment %d Einträge im Entwicklerprotokoll.</label>
    </languageKey>
  </data>
</T3locallangExt>
