<?xml version="1.0" encoding="utf-8" standalone="yes" ?>
<T3locallangExt>
	<data type="array">
		<languageKey index="de" type="array">
			<label index="title">Entwicklerprotokoll</label>
			<label index="showlog">Protokoll anzeigen</label>
			<label index="selectlog">Protokoll auswählen:</label>
			<label index="log_entries">Protokolleinträge</label>
			<label index="entries">Einträge</label>
			<label index="cleanup">Aufräumen</label>
			<label index="setup">Konfiguration</label>
			<label index="search">Suchen</label>
			<label index="clear_search">Suche löschen</label>
			<label index="clear_filters">Alle Filter löschen</label>
			<label index="search_data">Protokolldaten durchsuchen</label>
			<label index="latest_run">Neueste Ausführung der Protokollierung</label>
			<label index="latest_25">Neueste 25 Einträge</label>
			<label index="latest_50">Neueste 50 Einträge</label>
			<label index="latest_100">Neueste 100 Einträge</label>
			<label index="all_entries">Alle Einträge</label>
			<label index="auto_refresh">Automatische Aktualisierung</label>
			<label index="log_time">Protkollzeit</label>
			<label index="log_period">Protokollspanne</label>
			<label index="refresh">Aktualisieren</label>
			<label index="crdate">Datum</label>
			<label index="severity">Schwere</label>
			<label index="extkey">Erweiterung</label>
			<label index="msg">Nachricht</label>
			<label index="location">Aufgerufen von</label>
			<label index="pid">Seite</label>
			<label index="cruser_id">Benutzer</label>
			<label index="data_var">Zusätzliche Daten</label>
			<label index="no_entries_found">Keine Einträge gefunden. Versuchen Sie, die Filter und Suchkriterien aufzuweiten.</label>
			<label index="open_view">Neues Fenster öffnen.</label>
			<label index="line_call">%s, Zeile %d</label>
			<label index="extra_data_error">Fehler beim Lesen der zusätzlichen Daten</label>
			<label index="tx_devlog_error.toolong">Die zusätzlichen Daten waren zu groß. Sie wurden nicht gespeichert.</label>
			<label index="tx_devlog_error.invalid">Die zusätzlichen Daten waren kein Array. Sie wurden nicht gespeichert.</label>
			<label index="show_extra_data">Zusätzliche Daten anzeigen</label>
			<label index="hide_extra_data">Zusätzliche Daten verbergen</label>
			<label index="severity_ok">OK</label>
			<label index="severity_info">Info</label>
			<label index="severity_notice">Hinweis</label>
			<label index="severity_warning">Warnung</label>
			<label index="severity_error">Fehler</label>
			<label index="latest">neueste &gt;&gt;</label>
			<label index="next">nächste &gt;</label>
			<label index="previous">&lt; vorherige</label>
			<label index="oldest">&lt;&lt; älteste</label>
			<label index="expand_all_extra_data">Alle Zusatzdaten erweitern</label>
			<label index="info_excluded_key">Die folgenden Schlüssel werden momentan nicht protokolliert</label>
			<label index="clearlog">Protokoll löschen</label>
			<label index="clearlog_intro">Nutzen Sie die unten stehenden Optionen, um das Entwicklerprotokoll zu löschen.</label>
			<label index="clearalllog">Alle Einträge löschen!</label>
			<label index="cleared_log">%d Protokolleinträge wurden gelöscht.</label>
			<label index="cleanup_for_period">Alle Protokolleinträge löschen, die älter sind als:</label>
			<label index="cleanup_for_extension">Alle Protokolleinträge löschen für Erweiterung:</label>
			<label index="cleanup_all">Wenn Sie den Knopf unten anklicken, löschen Sie ALLE Protokolleinträge. Stellen Sie sicher, dass das wirklich das ist, was Sie wollen!</label>
			<label index="1hour">1 Stunde</label>
			<label index="1week">1 Woche</label>
			<label index="1month">1 Monat</label>
			<label index="3months">3 Monate</label>
			<label index="6months">6 Monate</label>
			<label index="1year">1 Jahr</label>
			<label index="no_entries">Es gibt im Moment keine Einträge im Entwicklerprotokoll.</label>
			<label index="xx_entries">Es gibt im Moment %d Einträge im Entwicklerprotokoll.</label>
			<label index="uid">UID</label>
			<label index="message">Nachricht</label>
			<label index="page">Seite</label>
			<label index="cruser">Benutzer</label>
			<label index="extra_data">Zusätzliche Daten</label>
			<label index="clearlog_desc">Hierdurch werden sämtliche Protokolleinträge gelöscht.</label>
		</languageKey>
	</data>
	<orig_hash type="array">
		<languageKey index="de" type="array">
			<label index="title" type="integer">23177575</label>
			<label index="showlog" type="integer">55060445</label>
			<label index="log_entries" type="integer">37908326</label>
			<label index="entries" type="integer">197217034</label>
			<label index="cleanup" type="integer">166941161</label>
			<label index="setup" type="integer">181548907</label>
			<label index="latest_run" type="integer">252012599</label>
			<label index="latest_25" type="integer">37005247</label>
			<label index="latest_50" type="integer">69755777</label>
			<label index="latest_100" type="integer">109342562</label>
			<label index="all_entries" type="integer">236043478</label>
			<label index="auto_refresh" type="integer">13549736</label>
			<label index="log_time" type="integer">111267658</label>
			<label index="log_period" type="integer">117943072</label>
			<label index="refresh" type="integer">104491656</label>
			<label index="uid" type="integer">243081769</label>
			<label index="crdate" type="integer">71780721</label>
			<label index="severity" type="integer">511125</label>
			<label index="extkey" type="integer">104746642</label>
			<label index="message" type="integer">79866110</label>
			<label index="page" type="integer">26464201</label>
			<label index="cruser" type="integer">150585321</label>
			<label index="extra_data" type="integer">70292128</label>
			<label index="clearlog" type="integer">176777586</label>
			<label index="cleared_log" type="integer">13612848</label>
			<label index="clearlog_desc" type="integer">268341898</label>
			<label index="open_view" type="integer">256303034</label>
			<label index="extra_data_error" type="integer">70437116</label>
			<label index="show_extra_data" type="integer">112913167</label>
			<label index="hide_extra_data" type="integer">236679328</label>
			<label index="severity_ok" type="integer">235577377</label>
			<label index="severity_info" type="integer">67476226</label>
			<label index="severity_notice" type="integer">38730366</label>
			<label index="severity_warning" type="integer">15379892</label>
			<label index="severity_error" type="integer">151171285</label>
			<label index="selectlog" type="integer">32257805</label>
			<label index="line_call" type="integer">66299074</label>
			<label index="clearalllog" type="integer">61658485</label>
			<label index="1hour" type="integer">120240592</label>
			<label index="1week" type="integer">117832637</label>
			<label index="1month" type="integer">23285350</label>
			<label index="3months" type="integer">232797500</label>
			<label index="6months" type="integer">167225996</label>
			<label index="1year" type="integer">212125500</label>
			<label index="location" type="integer">228612974</label>
			<label index="latest" type="integer">230064839</label>
			<label index="next" type="integer">53358046</label>
			<label index="previous" type="integer">206379466</label>
			<label index="oldest" type="integer">202333671</label>
			<label index="expand_all_extra_data" type="integer">28075720</label>
			<label index="clearlog_intro" type="integer">76137794</label>
			<label index="cleanup_for_period" type="integer">156053354</label>
			<label index="cleanup_for_extension" type="integer">166244311</label>
			<label index="cleanup_all" type="integer">61583399</label>
			<label index="no_entries" type="integer">84725022</label>
			<label index="xx_entries" type="integer">518563</label>
			<label index="search" type="integer">20138052</label>
			<label index="clear_search" type="integer">160969601</label>
			<label index="search_data" type="integer">62458219</label>
			<label index="no_entries_found" type="integer">104394729</label>
			<label index="clear_filters" type="integer">217867156</label>
			<label index="msg" type="integer">79866110</label>
			<label index="pid" type="integer">26464201</label>
			<label index="cruser_id" type="integer">150585321</label>
			<label index="data_var" type="integer">70292128</label>
			<label index="tx_devlog_error.toolong" type="integer">135442453</label>
			<label index="tx_devlog_error.invalid" type="integer">185122194</label>
			<label index="info_excluded_key" type="integer">255494879</label>
		</languageKey>
	</orig_hash>
	<orig_text type="array">
		<languageKey index="de" type="array">
			<label index="title">Developer Log</label>
			<label index="showlog">Show Log</label>
			<label index="log_entries">Log entries</label>
			<label index="entries">Entries</label>
			<label index="cleanup">Clean up</label>
			<label index="setup">Setup</label>
			<label index="latest_run">latest log run</label>
			<label index="latest_25">latest 25 entries</label>
			<label index="latest_50">latest 50 entries</label>
			<label index="latest_100">latest 100 entries</label>
			<label index="all_entries">all entries</label>
			<label index="auto_refresh">Auto refresh</label>
			<label index="log_time">Log time</label>
			<label index="log_period">Log period</label>
			<label index="refresh">Refresh</label>
			<label index="uid">UID</label>
			<label index="crdate">Date</label>
			<label index="severity">Severity</label>
			<label index="extkey">Extension</label>
			<label index="message">Message</label>
			<label index="page">Page</label>
			<label index="cruser">User</label>
			<label index="extra_data">Extra data</label>
			<label index="clearlog">Clear Log</label>
			<label index="cleared_log">%d log entries were deleted.</label>
			<label index="clearlog_desc">This will delete all log entries.</label>
			<label index="open_view">Open new window</label>
			<label index="extra_data_error">Error reading extra data</label>
			<label index="show_extra_data">Show extra data</label>
			<label index="hide_extra_data">Hide extra data</label>
			<label index="severity_ok">OK</label>
			<label index="severity_info">Info</label>
			<label index="severity_notice">Notice</label>
			<label index="severity_warning">Warning</label>
			<label index="severity_error">Error</label>
			<label index="selectlog">Select Log:</label>
			<label index="line_call">%s, line %d</label>
			<label index="clearalllog">Clear All Entries!</label>
			<label index="1hour">1 hour</label>
			<label index="1week">1 week</label>
			<label index="1month">1 month</label>
			<label index="3months">3 months</label>
			<label index="6months">6 months</label>
			<label index="1year">1 year</label>
			<label index="location">Called from</label>
			<label index="latest">latest &gt;&gt;</label>
			<label index="next">next &gt;</label>
			<label index="previous">&lt; previous</label>
			<label index="oldest">&lt;&lt; oldest</label>
			<label index="expand_all_extra_data">Expand all extra data</label>
			<label index="clearlog_intro">Use any of the clean up options below to clear your developer log.</label>
			<label index="cleanup_for_period">Delete all log entries that are older than:</label>
			<label index="cleanup_for_extension">Delete all log entries for extension:</label>
			<label index="cleanup_all">Pressing the button below will actually delete ALL log entries. Make sure that this is really what you want to do!</label>
			<label index="no_entries">There are currently no log entries in the Developer Log.</label>
			<label index="xx_entries">There are currently %d log entries in the Developer Log.</label>
			<label index="search">Search</label>
			<label index="clear_search">Clear search</label>
			<label index="search_data">Search log data</label>
			<label index="no_entries_found">No entries found. Try to relax your filter and search criteria.</label>
			<label index="clear_filters">Clear all filters</label>
			<label index="msg">Message</label>
			<label index="pid">Page</label>
			<label index="cruser_id">User</label>
			<label index="data_var">Extra data</label>
			<label index="tx_devlog_error.toolong">The extra data exceeded the maximum size. It was not stored.</label>
			<label index="tx_devlog_error.invalid">The extra data was not an array. It was not stored.</label>
			<label index="info_excluded_key">The following keys are currently not logged</label>
		</languageKey>
	</orig_text>
</T3locallangExt>