<?xml version="1.0" encoding="utf-8" standalone="yes" ?>
<T3locallangExt>
	<data type="array">
		<languageKey index="de" type="array">
			<label index="pages.tx_realurl_pathsegment">Pfadsegment für untergeordnete Seiten:</label>
			<label index="pages.tx_realurl_exclude">Nicht in sprechende URL aufnehmen:</label>
			<label index="pages.tx_realurl_nocache">RealURL-Cache deaktivieren</label>
			<label index="moduleFunction.tx_realurl_modfunc1">RealURL-Verwaltung</label>
		</languageKey>
	</data>
	<orig_hash type="array">
		<languageKey index="de" type="array">
			<label index="pages.tx_realurl_pathsegment" type="integer">115038942</label>
			<label index="moduleFunction.tx_realurl_modfunc1" type="integer">142852360</label>
			<label index="pages.tx_realurl_exclude" type="integer">34750074</label>
			<label index="pages.tx_realurl_nocache" type="integer">232132355</label>
		</languageKey>
	</orig_hash>
	<orig_text type="array">
		<languageKey index="de" type="array">
			<label index="pages.tx_realurl_pathsegment">Speaking URL path segment:</label>
			<label index="moduleFunction.tx_realurl_modfunc1">Speaking Url Management</label>
			<label index="pages.tx_realurl_exclude">Exclude from speaking URL:</label>
			<label index="pages.tx_realurl_nocache">Disable RealURL cache</label>
		</languageKey>
	</orig_text>
</T3locallangExt>