<?xml version="1.0" encoding="utf-8" standalone="yes" ?>
<T3locallangExt>
	<data type="array">
		<languageKey index="de" type="array">
			<label index="tx_realurl_nocache.description">Deaktiviert den RealURL-Encode- und Decode-Cache für diese Seite.</label>
			<label index="tx_realurl_pathsegment.description">Pfadsegment für diese Seite. Es sind nur Zeichen für URLs erlaubt, und zwar lateinische Buchstaben, Ziffern, Unterstrich und Bindestrich.</label>
			<label index="tx_realurl_exclude.description">Nimmt diese Seite nicht in die sprechende URL auf. Beachten Sie, dass dies nur funktioniert, wenn diese Seite nicht die Zielseite des Lesers ist.</label>
		</languageKey>
	</data>
	<orig_hash type="array">
		<languageKey index="de" type="array">
			<label index="tx_realurl_nocache.description" type="integer">233802023</label>
			<label index="tx_realurl_pathsegment.description" type="integer">227259742</label>
			<label index="tx_realurl_exclude.description" type="integer">102361976</label>
		</languageKey>
	</orig_hash>
	<orig_text type="array">
		<languageKey index="de" type="array">
			<label index="tx_realurl_nocache.description">Disables RealURL encode and decode cache for this page only</label>
			<label index="tx_realurl_pathsegment.description">URL path segment for this. Only valud URL characters are allowed, namely: latin letters, numbers, underscore and/or minus character.</label>
			<label index="tx_realurl_exclude.description">Excludes this page from the speaking URL. Note that this works only if this page is not the target page of the reader.</label>
		</languageKey>
	</orig_text>
</T3locallangExt>