<?xml version="1.0" encoding="utf-8" standalone="yes" ?>
<T3locallangExt>
	<data type="array">
		<languageKey index="de" type="array">
			<label index="mlang_labels_tabdescr">T3 jQuery</label>
			<label index="mlang_labels_tablabel">T3 jQuery</label>
			<label index="mlang_tabs_tab">T3 jQuery</label>
		</languageKey>
	</data>
	<orig_hash type="array">
		<languageKey index="de" type="array">
			<label index="mlang_labels_tabdescr" type="integer">213428413</label>
			<label index="mlang_labels_tablabel" type="integer">213428413</label>
			<label index="mlang_tabs_tab" type="integer">213428413</label>
		</languageKey>
	</orig_hash>
	<orig_text type="array">
		<languageKey index="de" type="array">
			<label index="mlang_labels_tabdescr">T3 jQuery</label>
			<label index="mlang_labels_tablabel">T3 jQuery</label>
			<label index="mlang_tabs_tab">T3 jQuery</label>
		</languageKey>
	</orig_text>
</T3locallangExt>