<?xml version="1.0" encoding="UTF-8"?>
<T3locallangExt>
  <data type="array">
    <languageKey index="de" type="array">
      <label index="title">jQuery-Konfiguration</label>
      <label index="version_in_use"/>
      <label index="integrate_from_cdn"/>
      <label index="function1">Erstellung einer individuellen jQuery-JS-Bibliothek</label>
      <label index="function2">JS-Analyse auf jQuery-Abhängigkeiten</label>
      <label index="function3">JS-Analyse von t3jquery.txt in Extensions</label>
      <label index="function4">Komprimieren eigener JS-Dateien</label>
      <label index="function5">Anzeige der class.t3jquery.php-API</label>
      <label index="jquery.analyze.dependencies">jQuery-Abhängigkeiten in folgender Datei:</label>
      <label index="jquery.analyze.none">Keine</label>
      <label index="jquery.analyze.packed">Datei endet nicht auf .js oder ist bereits komprimiert!</label>
      <label index="jquery.button.check">Analysieren</label>
      <label index="jquery.button.compress">Komprimieren</label>
      <label index="jquery.button.create">jQuery-Bibliothek erstellen</label>
      <label index="jquery.button.mergejq">Vereinigen &amp; Benützen</label>
      <label index="jquery.button.selectall">Alles auswählen</label>
      <label index="jquery.button.selectnone">Auswahl löschen</label>
      <label index="jquery.button.usejq">Benützen</label>
      <label index="jquery.compress.compress">Hier das &lt;em&gt;unkomprimierte&lt;/em&gt; JavaScript einfügen:</label>
      <label index="jquery.compress.decompress">Die &lt;em&gt;komprimierte&lt;/em&gt; Version:</label>
      <label index="jquery.compress.description">Durch dieses Modul wird die Möglichkeit zur Verfügung gestellt, eigene JavaScript-Dateien zu komprimieren. Verwendet wird &lt;a href="http://joliclic.free.fr/php/javascript-packer/en/" target="_blank"&gt;die PHP5-version&lt;/a&gt; von &lt;a href="http://dean.edwards.name/packer/" target="_blank"&gt;Dean Edwards Packer&lt;/a&gt; oder &lt;a href="http://www.crockford.com/javascript/jsmin.html" target="_blank"&gt;JSMin&lt;/a&gt;.</label>
      <label index="jquery.compress.nomunge">Nur verkleinern:</label>
      <label index="jquery.compress.nomunge.yes">Ja</label>
      <label index="jquery.compress.nomunge.no">Nein</label>
      <label index="jquery.compression">Kompressionsstufe auswählen</label>
      <label index="jquery.compression.jsmin.description">Säubert Kommentare und Leerzeichen, Kompression mit &lt;a href="http://www.crockford.com/javascript/jsmin.html" target="_blank"&gt;JSMin&lt;/a&gt;.</label>
      <label index="jquery.compression.jsmin.name">JsMin-Komprimierung</label>
      <label index="jquery.compression.nodocs.description">Unkomprimiert, löscht lediglich die Dokumentation.</label>
      <label index="jquery.compression.nodocs.name">Ohne Dokumentation</label>
      <label index="jquery.compression.none.description">Unkomprimiert, inklusive Dokumentation. Empfehlenswert während der Entwicklung.</label>
      <label index="jquery.compression.none.name">Keine Komprimierung</label>
      <label index="jquery.compression.packer.description">Verwendet &lt;a href="http://joliclic.free.fr/php/javascript-packer/en/" target="_blank"&gt;die PHP5-Version&lt;/a&gt; von &lt;a href="http://dean.edwards.name/packer/" target="_blank"&gt;Dean Edwards Packer&lt;/a&gt;.</label>
      <label index="jquery.compression.packer.name">Packer-Komprimierung</label>
      <label index="jquery.extension.dependencies">jQuery-Abhängikeiten in den Extenions gefunden:</label>
      <label index="jquery.extension.description">Extensions auswählen, die auf jQuery-Abhängigkeiten geprüft werden sollen.</label>
      <label index="jquery.extension.extkey">Extension-Key:</label>
      <label index="jquery.extension.title">Titel:</label>
      <label index="jquery.extension.version">Version:</label>
      <label index="jquery.header1">Benötigte Komponenten auswählen:</label>
      <label index="jquery.header2">Benötigten Komponenten finden</label>
      <label index="jquery.header3">Vorhandene Extensions analysieren</label>
      <label index="jquery.header4">Komprimieren eigener JS-Dateien</label>
      <label index="jquery.header5">Anzeige der class.t3jquery.php-API</label>
      <label index="jquery.packito.description">Unkomprimiertes JavaScript auswählen, das auf jQuery-Abhängigkeiten geprüft werden soll.</label>
      <label index="jquery.packito.local">oder lokale Datei:</label>
      <label index="jquery.packito.note">&lt;em&gt;Achtung: Nur Dateien mit &lt;strong&gt;.js&lt;/strong&gt; werden akzeptiert.&lt;br /&gt; Extension-Verzeichnisse können mit EXT: abgerufen werden. zB. EXT:t3jquery/res/jqconfig.js&lt;/em&gt;</label>
      <label index="jquery.packito.remote">Datei am Server:</label>
      <label index="jquery.component.jquery">jQuery, für UI-Kern erforderlich.</label>
      <label index="jquery.component.noConflict"/>
      <label index="jquery.component.uicore">Die Basis des jQuery-UI. Erforderlich für alle Interaktionen und Widgets.</label>
      <label index="jquery.component.widget">Widget, für alle Widgets erforderlich.</label>
      <label index="jquery.component.mouse">Mouse, für alle Interaktionen mit der Maus erforderlich.</label>
      <label index="jquery.component.position"/>
      <label index="jquery.component.draggable">Macht alle Elemente einer Seite ziehbar.</label>
      <label index="jquery.component.droppable">Generierte Ziele für ziehbare Elemente.</label>
      <label index="jquery.component.resizable">Macht alle Elemente einer Seite in der Größe veränderbar.</label>
      <label index="jquery.component.selectable">Macht eine Liste mit Elementen durch die Maus auswählbar, indem man einen Rahmen aufzieht oder darauf klickt.</label>
      <label index="jquery.component.sortable">Macht eine Liste mit Einträgen sortierbar.</label>
      <label index="jquery.component.accordion">Erzeugt ein Akkordeon-Navigationswidget.</label>
      <label index="jquery.component.autocomplete"/>
      <label index="jquery.component.button"/>
      <label index="jquery.component.dialog">Öffnet vorhandenes Markup in einem ziehbaren und in der Größe veränderbaren Dialog.</label>
      <label index="jquery.component.slider">Ein flexible Regler mit Begrenzungen auf dem mit der Tastatur zugegriffen werden kann.</label>
      <label index="jquery.component.tabs">Transformiert ein Set mit Containerelementen in eine Tabstruktur.</label>
      <label index="jquery.component.datepicker"/>
      <label index="jquery.component.progressbar">Ein Statusindikator. Er kann für den Ladefortschritt oder als Prozentindikator benutzt werden.</label>
      <label index="jquery.component.effects.core"/>
      <label index="jquery.component.effects.blind">Blendet das Element aus.</label>
      <label index="jquery.component.effects.bounce">Das Element hüpft n-mal horizontal oder vertikal.</label>
      <label index="jquery.component.effects.clip">Schaltet ein Element, wie einen alten Fernsehr, an und aus.</label>
      <label index="jquery.component.effects.drop"/>
      <label index="jquery.component.effects.explode">Das Element explodiert nach allen Richtungen in n Stücken. Es kann auch wieder implodieren.</label>
      <label index="jquery.component.effects.fade">Das Element wird ein- oder ausgeblendet.</label>
      <label index="jquery.component.effects.fold">Faltet das Element erst horizontal und dann vertikal.</label>
      <label index="jquery.component.effects.highlight">Hebt den Hintergrund des Elements in einer definierten Farbe für eine bestimmte Zeit hervor.</label>
      <label index="jquery.component.effects.pulsate">Das Element pulsiert n-mal durch Veränderung der Transparenz.</label>
      <label index="jquery.component.effects.scale">Beliebige Elemente und ihren Inhalt wachsen oder schrumpfen lassen und wiederherstellen.</label>
      <label index="jquery.component.effects.shake">Bewegt das Element n-mal horizontal oder vertikal hin und her (Schütteleffekt).</label>
      <label index="jquery.component.effects.slide">Das Element wird in den sichtbaren Fensterbereich hinein und heraus bewegt.</label>
      <label index="jquery.component.effects.transfer">Übergangseffekt von einem Element zu einem anderen.</label>
      <label index="jquery.component.easing"/>
      <label index="jquery.component.lint"/>
      <label index="tools.component.tabs"/>
      <label index="tools.component.tabsslideshow"/>
      <label index="tools.component.tabshistory"/>
      <label index="tools.component.tooltip"/>
      <label index="tools.component.tooltipslide"/>
      <label index="tools.component.tooltipdynamic"/>
      <label index="tools.component.scrollable"/>
      <label index="tools.component.scrollablecircular"/>
      <label index="tools.component.scrollableautoscroll"/>
      <label index="tools.component.scrollablenavigator"/>
      <label index="tools.component.scrollablemousewheel"/>
      <label index="tools.component.overlay"/>
      <label index="tools.component.overlaygallery"/>
      <label index="tools.component.overlayapple"/>
      <label index="tools.component.formdateinput"/>
      <label index="tools.component.formrangeinput"/>
      <label index="tools.component.formvalidator"/>
      <label index="tools.component.flashembed"/>
      <label index="tools.component.history"/>
      <label index="tools.component.expose"/>
      <label index="tools.component.mousewheel"/>
      <label index="tools.component.flowplayer"/>
      <label index="tools.component.flowplayercontrolbar"/>
      <label index="tools.component.flowplayerplaylist"/>
      <label index="tools.component.flowplayerembedding"/>
    </languageKey>
  </data>
</T3locallangExt>
